Method,System,Time,Aligned_MAE,Structural_Correlation
PINN,Perfect,0.001451730728149414,0.41835797689201265,0.979348815467581
PINN,Perturbed,0.001451730728149414,0.6472492655459994,0.22397274139923634
Analytical,Perfect,1.8596649169921875e-05,3.0476459837573717e-05,0.9999999949523717
Numerical,Perfect,0.3321104049682617,0.0,1.0
Numerical,Perturbed,0.6582193374633789,0.0,1.0
