Method,System,Time,Aligned_MAE,Structural_Correlation
PINN,Perfect,0.0013298988342285156,0.41835797689201265,0.979348815467581
PINN,Perturbed,0.0013298988342285156,0.6472492655459994,0.22397274139923634
Analytical,Perfect,2.5987625122070312e-05,3.0476459837573717e-05,0.9999999949523717
Numerical,Perfect,0.33211827278137207,0.0,1.0
Numerical,Perturbed,0.6606204509735107,0.0,1.0
