Method,System,Time,MAE
PINN,Perfect,0.0012524127960205078,3.6244465089216398
PINN,Perturbed,0.0012524127960205078,3.821386765539882
Analytical,Perfect,2.5510787963867188e-05,3.2291505120452357
Numerical,Perfect,0.49592161178588867,0.0
Numerical,Perturbed,0.6569311618804932,0.0
